layer_0,layer_1,layer_2,layer_3,layer_4,layer_5,layer_6,layer_7,layer_8,layer_9,layer_10,layer_11,layer_12,layer_13,layer_14,layer_15,layer_16,layer_17,layer_18,layer_19,layer_20,layer_21,layer_22,layer_23,layer_24,layer_25,layer_26,layer_27,layer_28,layer_29,layer_30,layer_31,layer_32,layer_33,layer_34
-0.0031747349913951815,-0.002678421285209635,-0.002173385304958196,0.0018318030104238438,-0.0038759070423732673,-0.008690308774154202,-0.008837342877707603,-0.006948521808847479,-0.002820755478573918,-0.01642111820174472,-0.01844435058130951,-0.020106477806310554,-0.011972936651168643,-0.013785996158176425,-0.0013047716390091654,-0.0032570148857591513,-0.0035460460256705652,-0.004242101000450131,-0.0032241258112906774,-0.00691912310530159,-0.007141470396119275,-0.00635029914009487,-0.007099099807574686,-0.00775761961001369,-0.016528168551214948,-0.017758094998099272,-0.018831560436122278,-0.017159394699818933,-0.016257496523704926,-0.027461608663476755,-0.027177961372838514,-0.02694541166278125,-0.026386843244658738,-0.02612012311395275,-0.024448704550705747
