{
  "layer_0": -0.0031747349913951815,
  "layer_1": -0.002678421285209635,
  "layer_2": -0.002173385304958196,
  "layer_3": 0.0018318030104238438,
  "layer_4": -0.0038759070423732673,
  "layer_5": -0.008690308774154202,
  "layer_6": -0.008837342877707603,
  "layer_7": -0.006948521808847479,
  "layer_8": -0.002820755478573918,
  "layer_9": -0.01642111820174472,
  "layer_10": -0.01844435058130951,
  "layer_11": -0.020106477806310554,
  "layer_12": -0.011972936651168643,
  "layer_13": -0.013785996158176425,
  "layer_14": -0.0013047716390091654,
  "layer_15": -0.0032570148857591513,
  "layer_16": -0.0035460460256705652,
  "layer_17": -0.004242101000450131,
  "layer_18": -0.0032241258112906774,
  "layer_19": -0.00691912310530159,
  "layer_20": -0.007141470396119275,
  "layer_21": -0.00635029914009487,
  "layer_22": -0.007099099807574686,
  "layer_23": -0.00775761961001369,
  "layer_24": -0.016528168551214948,
  "layer_25": -0.017758094998099272,
  "layer_26": -0.018831560436122278,
  "layer_27": -0.017159394699818933,
  "layer_28": -0.016257496523704926,
  "layer_29": -0.027461608663476755,
  "layer_30": -0.027177961372838514,
  "layer_31": -0.02694541166278125,
  "layer_32": -0.026386843244658738,
  "layer_33": -0.02612012311395275,
  "layer_34": -0.024448704550705747
}